vessel_id,shape_class,rim_orient,rim_profile,base_type,additional_elem,height,opening_diam,base_diam,neck_diam,belly_diam,neck_height,belly_height,H-Bd,Bd-Rd,Bd-Nd,H-Bh,H-Nh,Bd-BaD
JZ001_P001,N,B,09,02,N,6.90,4.80,0.80,3.84,6.67,5.88,2.95,1.03,1.39,1.74,2.34,1.17,8.34
JZ001_P003,N,B,09,02,N,12.10,9.30,2.20,8.14,12.12,10.48,6.00,1.00,1.30,1.49,2.02,1.15,5.51
JZ001_P004,C,A,03,04,N,7.40,17.00,4.50,17.00,17.00,7.40,7.40,0.44,1.00,1.00,1.00,1.00,3.78
JZ001_P005,E,B,01,04,N,6.35,12.30,5.60,12.30,12.30,6.35,6.35,0.52,1.00,1.00,1.00,1.00,2.20
JZ001_P008,K,B,13,04,S,9.60,5.40,2.20,3.18,8.58,7.69,4.15,1.12,1.59,2.70,2.31,1.25,3.90
JZ001_P009,K,B,03,02,S,18.00,7.23,1.60,4.88,12.41,15.45,6.89,1.45,1.72,2.54,2.61,1.17,7.76
JZ001_P010,H,B,07,02,N,15.30,11.00,0.50,9.02,12.61,13.43,7.99,1.21,1.15,1.40,1.91,1.14,25.22
JZ001_P011,P,B,13,02,N,16.60,8.70,3.19,7.22,16.74,14.45,7.07,0.99,1.92,2.32,2.35,1.15,5.25
JZ001_P012,H,B,03,04,N,72.40,52.30,39.50,46.73,58.77,66.38,38.50,1.23,1.12,1.26,1.88,1.09,1.49
JZ001_P013,E,B,01,04,N,5.56,12.00,7.00,12.00,12.00,5.56,5.56,0.46,1.00,1.00,1.00,1.00,1.71
JZ001_P014,E,B,01,03,N,8.14,19.30,3.23,19.30,19.30,8.14,8.14,0.42,1.00,1.00,1.00,1.00,5.98
JZ001_P015,E,B,01,03,N,9.14,12.00,9.00,12.00,12.00,9.14,9.14,0.76,1.00,1.00,1.00,1.00,1.33
JZ001_P016,P,B,13,02,N,6.90,4.30,1.10,3.17,6.33,5.87,3.00,1.09,1.47,2.00,2.30,1.18,5.75
JZ001_P017,P,B,13,02,N,7.00,5.50,1.03,4.48,7.38,6.08,3.05,0.95,1.34,1.65,2.30,1.15,7.17
JZ001_P018,P,B,01,02,N,58.60,24.00,7.00,20.39,43.85,56.49,29.23,1.34,1.83,2.15,2.00,1.04,6.26
JZ001_P019,E,B,03,02,N,9.40,12.40,2.70,12.40,12.40,9.40,9.40,0.76,1.00,1.00,1.00,1.00,4.59
JZ001_P020,E,B,01,02,N,9.30,12.90,3.60,12.90,12.90,9.30,9.30,0.72,1.00,1.00,1.00,1.00,3.58
JZ001_P021,E,B,02,04,N,6.60,18.00,8.40,18.00,18.00,6.60,6.60,0.37,1.00,1.00,1.00,1.00,2.14
JZ001_P022,E,B,04,15,N,9.50,8.50,4.40,8.50,8.50,9.50,9.50,1.12,1.00,1.00,1.00,1.00,1.93
JZ001_P023,E,B,01,04,N,9.90,21.00,6.10,21.00,21.00,9.90,9.90,0.47,1.00,1.00,1.00,1.00,3.44
JZ001_P024,G,B,03,04,N,12.00,11.20,4.00,10.32,13.14,10.32,5.79,0.91,1.17,1.27,2.07,1.16,3.29
JZ001_P025,N,B,03,02,N,21.30,16.50,3.00,14.42,22.48,19.41,10.48,0.95,1.36,1.56,2.03,1.10,7.49
JZ001_P028,E,A,01,03,N,10.00,21.60,8.20,21.60,21.60,10.00,10.00,0.46,1.00,1.00,1.00,1.00,2.63
JZ001_P029,P,B,13,03,N,17.10,6.00,4.00,4.04,12.38,14.24,6.19,1.38,2.06,3.06,2.76,1.20,3.10
JZ001_P031,E,B,02,04,N,8.10,16.50,4.70,16.50,16.50,8.10,8.10,0.49,1.00,1.00,1.00,1.00,3.51
JZ001_P032,E,A,02,04,N,8.20,18.50,8.20,18.50,18.50,8.20,8.20,0.44,1.00,1.00,1.00,1.00,2.26
JZ001_P033,E,B,01,03,N,6.70,13.20,7.50,13.20,13.20,6.70,6.70,0.51,1.00,1.00,1.00,1.00,1.76
JZ001_P034,E,A,01,03,N,6.60,14.80,8.00,14.80,14.80,6.60,6.60,0.45,1.00,1.00,1.00,1.00,1.85
JZ001_P035,E,B,03,04,N,6.70,11.20,3.58,11.20,11.20,6.70,6.70,0.60,1.00,1.00,1.00,1.00,3.13
JZ001_P036,E,A,03,04,N,9.60,19.20,6.10,19.20,19.20,9.60,9.60,0.50,1.00,1.00,1.00,1.00,3.15
JZ001_P037,E,B,03,04,N,8.50,17.00,6.30,17.00,15.51,8.50,4.54,0.55,0.91,0.91,1.87,1.00,2.46
JZ001_P039,E,B,07,02,N,12.60,21.00,NA,21.00,21.54,12.60,9.71,0.58,1.03,1.03,1.30,1.00,NA
JZ001_P040,P,B,04,02,N,16.00,7.00,1.00,5.94,11.40,13.84,6.85,1.40,1.63,1.92,2.34,1.16,11.40
JZ001_P043,N,B,07,02,N,7.80,4.00,0.80,3.44,6.22,6.83,3.28,1.25,1.56,1.81,2.38,1.14,7.78
JZ001_P044,N,B,07,03,N,20.20,10.60,2.32,9.96,17.39,18.01,8.96,1.16,1.64,1.75,2.25,1.12,7.50
JZ001_P045,N,B,07,02,N,10.70,6.70,0.80,6.74,10.59,9.88,5.12,1.01,1.58,1.57,2.09,1.08,13.24
JZ001_P046,E,C,02,04,N,12.10,22.50,4.70,22.50,23.49,12.10,10.15,0.52,1.04,1.04,1.19,1.00,5.00
JZ001_P048,P,B,04,02,N,17.00,6.40,0.80,4.35,12.03,14.71,6.11,1.41,1.88,2.77,2.78,1.16,15.04
JZ001_P049,H,B,04,03,N,16.20,11.80,3.50,10.64,15.77,14.35,7.27,1.03,1.34,1.48,2.23,1.13,4.51
JZ001_P050,H,B,03,03,N,22.00,22.80,10.70,21.27,24.53,19.13,11.53,0.90,1.08,1.15,1.91,1.15,2.29
JZ001_P051,H,B,02,03,N,26.80,21.50,6.30,20.42,28.48,24.65,14.37,0.94,1.32,1.39,1.86,1.09,4.52
JZ001_P052,N,B,04,03,N,35.00,21.00,10.10,20.35,31.13,31.81,20.65,1.12,1.48,1.53,1.69,1.10,3.08
JZ001_P053,N,B,02,03,N,34.00,25.00,14.50,23.39,27.87,30.34,18.53,1.22,1.11,1.19,1.83,1.12,1.92
JZ001_P054,P,B,02,02,N,31.00,11.80,2.27,10.58,27.50,29.11,14.56,1.13,2.33,2.60,2.13,1.06,12.11
JZ001_P055,P,B,02,02,N,55.50,22.80,NA,19.19,40.04,51.84,26.85,1.39,1.76,2.09,2.07,1.07,NA
JZ001_P056,N,B,03,02,L,32.60,20.00,2.80,24.38,34.56,29.70,18.22,0.94,1.73,1.42,1.79,1.10,12.34
JZ001_P058,E,B,01,04,N,3.30,7.40,2.80,7.40,7.40,3.30,3.30,0.45,1.00,1.00,1.00,1.00,2.64
JZ001_P059,P,B,03,02,N,4.70,3.20,NA,2.94,4.90,4.29,2.21,0.96,1.53,1.67,2.13,1.10,NA
JZ001_P060,E,B,01,03,N,5.40,13.20,NA,13.20,13.20,5.40,5.40,0.41,1.00,1.00,1.00,1.00,NA
JZ001_P061,E,B,01,02,N,6.60,12.70,7.60,12.70,12.70,6.60,6.60,0.52,1.00,1.00,1.00,1.00,1.67
JZ001_P062,E,C,03,03,N,7.20,13.20,8.40,13.20,13.20,7.20,7.20,0.55,1.00,1.00,1.00,1.00,1.57
JZ001_P063,E,B,01,04,N,6.70,15.40,7.80,15.40,15.40,6.70,6.70,0.44,1.00,1.00,1.00,1.00,1.97
JZ001_P065,G,A,01,02,N,6.40,6.10,1.17,6.10,6.53,6.40,3.17,0.98,1.07,1.07,2.02,1.00,5.58
JZ001_P066,G,B,04,15,N,7.70,6.00,3.70,5.69,6.76,6.34,4.05,1.14,1.13,1.19,1.90,1.21,1.83
JZ001_P067,G,B,03,03,N,8.20,7.00,4.55,6.51,8.36,7.15,4.32,0.98,1.19,1.28,1.90,1.15,1.84
JZ001_P068,P,B,03,03,N,14.50,6.80,2.02,4.75,10.56,12.04,4.96,1.37,1.55,2.22,2.92,1.20,5.23
JZ001_P069,P,B,04,01,N,18.80,8.50,1.20,7.50,14.76,14.86,7.98,1.27,1.74,1.97,2.36,1.27,12.30
JZ001_P070,P,B,02,03,N,16.00,8.00,1.80,5.74,12.13,13.53,6.81,1.32,1.52,2.11,2.35,1.18,6.74
JZ001_P071,P,B,02,02,N,18.20,9.20,4.30,7.31,14.52,15.70,7.07,1.25,1.58,1.99,2.57,1.16,3.38
JZ001_P072,R,B,04,00,N,29.50,10.20,NA,9.69,27.28,28.40,15.26,1.08,2.67,2.82,1.93,1.04,NA
JZ001_P073,H,B,02,03,N,26.30,19.00,12.00,17.15,22.37,23.52,12.40,1.18,1.18,1.30,2.12,1.12,1.86
JZ001_P075,E,B,01,04,N,4.70,8.80,4.70,8.80,8.80,4.70,4.70,0.53,1.00,1.00,1.00,1.00,1.87
JZ001_P077,N,B,00,02,N,18.40,6.31,NA,9.92,14.14,13.79,6.76,1.30,2.24,1.43,2.72,1.33,NA
JZ001_P078,E,A,01,04,N,6.70,12.80,4.14,12.80,12.80,6.70,6.70,0.52,1.00,1.00,1.00,1.00,3.09
JZ001_P080,N,B,11,02,S,9.60,5.00,1.00,3.87,7.51,8.21,4.15,1.28,1.50,1.94,2.31,1.17,7.51
JZ001_P081,N,B,09,03,S,10.30,6.50,1.75,6.27,10.47,9.24,4.73,0.98,1.61,1.67,2.18,1.11,5.98
JZ001_P082,P,B,03,04,N,13.60,6.40,1.41,4.86,11.37,11.66,5.56,1.20,1.78,2.34,2.45,1.17,8.06
JZ001_P083,P,B,11,02,N,11.00,5.70,1.70,3.25,8.74,8.51,3.65,1.26,1.53,2.69,3.01,1.29,5.14
JZ001_P084,P,B,03,04,N,14.30,7.50,3.70,5.74,11.98,10.19,5.19,1.19,1.60,2.09,2.76,1.40,3.24
JZ001_P085,P,B,01,03,N,17.50,7.30,2.10,5.17,11.84,14.84,7.97,1.48,1.62,2.29,2.20,1.18,5.64
JZ001_P087,H,B,04,02,N,29.50,22.00,2.14,21.93,29.50,26.58,14.55,1.00,1.34,1.35,2.03,1.11,13.79
JZ001_P088,N,B,04,02,N,41.80,25.20,6.40,23.06,36.30,38.29,22.70,1.15,1.44,1.57,1.84,1.09,5.67
JZ001_P090,P,B,04,02,N,25.20,12.00,2.40,10.55,21.57,22.78,12.30,1.17,1.80,2.04,2.05,1.11,8.99
JZ001_P093,P,B,04,02,N,35.00,11.80,1.40,10.53,28.56,32.20,18.94,1.23,2.42,2.71,1.85,1.09,20.40
JZ001_P094,P,B,09,03,N,26.00,12.00,9.00,11.43,21.79,22.93,10.23,1.19,1.82,1.91,2.54,1.13,2.42
JZ001_P108,E,B,01,03,N,3.90,8.10,3.03,8.10,8.10,3.90,3.90,0.48,1.00,1.00,1.00,1.00,2.67
JZ001_P109,G,B,03,05,N,6.70,6.90,5.47,6.16,7.05,5.99,4.54,0.95,1.02,1.14,1.48,1.12,1.29
JZ001_P110,G,C,01,06,N,9.20,11.00,5.96,11.00,11.00,9.20,9.20,0.84,1.00,1.00,1.00,1.00,1.85
JZ001_P111,G,B,01,06,N,9.00,11.00,4.80,11.00,11.00,9.00,9.00,0.82,1.00,1.00,1.00,1.00,2.29
JZ001_P114,E,B,01,03,N,2.80,4.80,2.00,4.80,5.08,2.80,2.17,0.55,1.06,1.06,1.29,1.00,2.54
JZ001_P115,G,B,02,05,N,7.60,5.80,3.20,5.50,6.53,6.82,3.64,1.16,1.13,1.19,2.09,1.11,2.04
JZ001_P117,E,B,01,03,N,7.30,13.50,2.23,13.50,13.50,7.30,7.30,0.54,1.00,1.00,1.00,1.00,6.05
JZ001_P118,E,B,01,04,N,5.70,10.80,4.70,10.80,10.80,5.70,5.70,0.53,1.00,1.00,1.00,1.00,2.30
JZ001_P119,E,B,01,06,N,5.80,8.70,4.45,8.70,8.70,5.80,5.80,0.67,1.00,1.00,1.00,1.00,1.96
JZ001_P120,E,B,01,06,N,5.70,8.80,3.94,8.80,8.80,5.70,5.70,0.65,1.00,1.00,1.00,1.00,2.23
JZ001_P122,G,C,01,06,N,10.00,9.10,4.97,9.10,9.77,10.00,8.01,1.02,1.07,1.07,1.25,1.00,1.97
JZ001_P123,G,B,13,04,N,17.20,15.00,6.10,13.17,15.59,14.83,9.05,1.10,1.04,1.18,1.90,1.16,2.56
JZ001_P124,P,B,02,01,N,10.00,4.30,0.50,3.02,6.53,7.82,4.17,1.53,1.52,2.16,2.40,1.28,13.06
JZ001_P125,P,B,07,02,N,19.20,3.00,2.00,5.53,13.63,15.10,8.43,1.41,4.54,2.46,2.28,1.27,6.82
JZ001_P126,E,B,01,02,N,4.20,11.80,1.07,11.80,11.80,4.20,4.20,0.36,1.00,1.00,1.00,1.00,11.03
JZ001_P129,E,C,03,04,N,7.60,11.50,5.50,11.50,11.50,7.60,7.60,0.66,1.00,1.00,1.00,1.00,2.09
JZ001_P133,E,B,02,06,N,8.50,20.90,7.28,20.90,20.90,8.50,8.50,0.41,1.00,1.00,1.00,1.00,2.87
JZ001_P134,K,B,11,03,N,9.30,6.80,1.30,4.69,9.59,7.55,3.85,0.97,1.41,2.04,2.42,1.23,7.38
JZ001_P136,P,B,13,02,N,13.10,4.00,0.92,2.99,8.37,12.07,4.92,1.57,2.09,2.80,2.66,1.09,9.10
JZ001_P137,P,B,01,02,N,8.40,3.90,2.14,3.40,7.57,7.45,3.64,1.11,1.94,2.23,2.31,1.13,3.54
JZ001_P138,G,C,03,04,N,9.00,7.30,4.90,7.30,9.11,9.00,6.86,0.99,1.25,1.25,1.31,1.00,1.86
JZ001_P139,G,B,01,04,N,12.00,12.80,5.10,12.80,12.80,12.00,12.00,0.94,1.00,1.00,1.00,1.00,2.51
JZ001_P141,P,B,02,02,N,9.70,4.10,0.90,3.32,6.50,7.58,3.65,1.49,1.59,1.96,2.66,1.28,7.22
JZ001_P142,P,B,02,02,N,10.20,4.70,1.00,3.44,6.99,8.40,4.51,1.46,1.49,2.03,2.26,1.21,6.99
JZ001_P143,P,B,02,02,N,9.00,4.50,1.26,3.67,6.55,6.77,3.58,1.37,1.46,1.78,2.51,1.33,5.20
JZ001_P144,G,C,01,06,N,8.00,8.30,4.08,8.30,8.77,8.00,6.45,0.91,1.06,1.06,1.24,1.00,2.15
JZ001_P145,G,C,01,06,N,10.10,8.40,5.31,8.40,9.01,10.10,8.26,1.12,1.07,1.07,1.22,1.00,1.70
JZ001_P146,P,B,02,04,N,9.60,4.60,1.50,2.59,6.05,7.62,3.37,1.59,1.32,2.34,2.85,1.26,4.03
JZ001_P173,E,B,07,04,N,9.30,9.40,5.11,9.40,11.50,9.30,5.06,0.81,1.22,1.22,1.84,1.00,2.25
JZ001_P179,E,C,02,04,N,5.10,17.00,5.50,17.00,17.00,5.10,5.10,0.30,1.00,1.00,1.00,1.00,3.09
JZ001_P180,P,B,03,02,N,8.70,4.40,0.80,2.92,7.09,7.05,3.55,1.23,1.61,2.43,2.45,1.23,8.86
JZ001_P182,P,C,01,15,N,5.90,2.40,3.00,2.40,5.49,5.90,3.03,1.07,2.29,2.29,1.95,1.00,1.83
JZ001_P183,G,B,03,06,N,6.20,5.40,2.50,4.86,5.92,5.84,4.07,1.05,1.10,1.22,1.52,1.06,2.37
JZ001_P186,P,B,07,02,N,17.30,5.70,0.70,3.84,9.22,11.44,6.10,1.88,1.62,2.40,2.84,1.51,13.17
JZ001_P187,P,B,03,03,N,57.50,25.40,18.30,23.91,42.32,55.62,29.96,1.36,1.67,1.77,1.92,1.03,2.31
JZ001_P188,P,B,04,04,N,25.20,10.40,8.20,7.54,17.06,20.91,11.94,1.48,1.64,2.26,2.11,1.21,2.08
JZ001_P189,H,B,04,04,N,25.80,28.50,29.00,28.50,28.50,25.80,25.80,0.91,1.00,1.00,1.00,1.00,0.98
JZ001_P190,E,C,03,04,N,5.10,14.00,5.90,14.00,14.00,5.10,5.10,0.36,1.00,1.00,1.00,1.00,2.37
JZ001_P191,G,B,01,03,N,9.70,14.40,7.00,14.40,14.40,9.70,9.70,0.67,1.00,1.00,1.00,1.00,2.06
JZ001_P192,G,C,01,06,N,7.80,6.20,3.70,6.20,7.87,7.80,6.58,0.99,1.27,1.27,1.19,1.00,2.13
JZ001_P193,G,B,11,06,N,8.80,6.40,4.60,6.40,7.76,8.80,6.01,1.13,1.21,1.21,1.46,1.00,1.69
JZ001_P194,G,B,07,06,N,9.90,8.20,5.60,8.20,9.45,9.90,7.66,1.05,1.15,1.15,1.29,1.00,1.69
JZ001_P195,E,B,07,06,N,6.40,9.80,3.80,9.80,9.80,6.40,6.40,0.65,1.00,1.00,1.00,1.00,2.58
JZ001_P196,G,B,00,04,N,7.00,8.50,4.50,6.14,8.29,6.52,4.10,0.84,0.98,1.35,1.71,1.07,1.84
JZ001_P197,N,B,09,01,N,10.40,5.60,1.40,5.43,9.08,9.18,4.24,1.15,1.62,1.67,2.45,1.13,6.49
JZ001_P201,E,C,03,04,N,11.30,26.50,11.00,26.50,28.01,11.30,9.39,0.40,1.06,1.06,1.20,1.00,2.55
JZ001_P202,G,B,01,04,N,11.00,9.80,3.40,9.32,11.55,10.45,7.23,0.95,1.18,1.24,1.52,1.05,3.40
JZ001_P203,H,B,04,04,N,26.40,30.50,12.70,27.62,34.49,23.60,14.21,0.77,1.13,1.25,1.86,1.12,2.72
JZ001_P204,P,B,04,03,N,55.00,24.50,18.10,22.26,46.12,51.29,34.59,1.19,1.88,2.07,1.59,1.07,2.55
JZ001_P205,P,B,01,04,N,48.60,19.50,15.60,19.06,41.22,45.98,27.99,1.18,2.11,2.16,1.74,1.06,2.64
JZ001_P206,P,B,09,04,N,30.10,9.60,7.70,8.26,15.15,24.93,10.62,1.99,1.58,1.83,2.83,1.21,1.97
JZ001_P207,P,B,09,03,N,8.80,4.30,2.60,3.79,9.88,7.91,3.65,0.89,2.30,2.61,2.41,1.11,3.80
JZ001_P209,P,B,04,01,N,19.70,3.20,NA,5.05,14.65,17.47,10.00,1.34,4.58,2.90,1.97,1.13,NA
JZ001_P213,E,A,01,04,N,6.20,13.40,4.80,13.40,13.40,6.20,6.20,0.46,1.00,1.00,1.00,1.00,2.79
JZ001_P214,P,B,09,01,N,10.20,6.70,0.80,5.42,9.05,8.54,4.36,1.13,1.35,1.67,2.34,1.19,11.31
JZ001_P215,P,B,01,02,N,7.00,5.20,1.40,4.32,8.02,5.95,3.26,0.87,1.54,1.86,2.15,1.18,5.73
JZ001_P216,N,B,09,02,N,9.90,6.50,0.77,6.16,9.82,8.75,4.30,1.01,1.51,1.59,2.30,1.13,12.75
JZ001_P221,E,B,11,03,N,6.20,16.60,7.78,16.60,16.60,6.20,6.20,0.37,1.00,1.00,1.00,1.00,2.13
JZ001_P222,E,A,01,15,N,6.20,13.20,4.74,13.20,13.20,6.20,6.20,0.47,1.00,1.00,1.00,1.00,2.78
JZ001_P224,P,B,03,02,N,7.80,4.60,1.99,3.45,7.27,6.86,3.54,1.07,1.58,2.11,2.20,1.14,3.65
JZ001_P225,H,B,11,03,N,35.00,29.50,18.00,27.27,34.31,31.87,20.15,1.02,1.16,1.26,1.74,1.10,1.91
JZ001_P226,P,B,02,03,N,28.00,10.40,6.50,8.86,20.18,24.18,12.43,1.39,1.94,2.28,2.25,1.16,3.10
JZ001_P227,P,B,09,02,N,10.00,5.10,0.90,3.85,7.89,7.92,4.07,1.27,1.55,2.05,2.46,1.26,8.77
JZ001_P228,H,B,04,04,N,19.00,18.20,7.50,16.96,18.95,17.15,12.78,1.00,1.04,1.12,1.49,1.11,2.53
JZ001_P229,H,B,04,03,N,29.60,26.50,11.90,26.50,26.00,29.60,20.07,1.14,0.98,0.98,1.47,1.00,2.18
JZ001_P230,P,B,09,00,N,30.00,22.50,NA,20.32,31.76,28.35,16.10,0.94,1.41,1.56,1.86,1.06,NA
JZ001_P231,E,A,01,06,N,10.90,17.50,6.03,17.50,18.98,10.90,6.69,0.57,1.08,1.08,1.63,1.00,3.15
JZ001_P233,G,A,01,04,N,7.10,7.70,2.81,7.70,7.70,7.10,7.10,0.92,1.00,1.00,1.00,1.00,2.74
JZ001_P234,G,A,01,04,N,8.20,10.00,3.80,10.00,10.00,8.20,8.20,0.82,1.00,1.00,1.00,1.00,2.63
JZ001_P235,G,A,01,06,N,8.10,8.80,3.61,8.80,8.80,8.10,8.10,0.92,1.00,1.00,1.00,1.00,2.44
JZ001_P236,N,B,09,01,N,23.80,8.10,NA,6.49,11.26,22.57,15.17,2.11,1.39,1.73,1.57,1.05,NA
JZ001_P238,E,B,01,04,N,5.50,17.20,6.00,17.20,17.20,5.50,5.50,0.32,1.00,1.00,1.00,1.00,2.87
JZ001_P240,R,B,04,00,L,23.60,5.60,NA,4.54,19.79,22.06,10.33,1.19,3.53,4.36,2.28,1.07,NA
JZ001_P241,P,B,09,02,N,25.80,16.30,4.50,15.36,27.03,24.24,14.85,0.95,1.66,1.76,1.74,1.06,6.01
JZ001_P242,E,A,03,06,N,3.80,11.00,4.20,11.00,11.00,3.80,3.80,0.35,1.00,1.00,1.00,1.00,2.62
JZ001_P244,E,B,11,04,N,11.60,25.00,7.90,25.00,25.00,11.60,11.60,0.46,1.00,1.00,1.00,1.00,3.16
JZ001_P245,G,A,03,06,N,8.20,10.00,5.00,10.00,10.00,8.20,8.20,0.82,1.00,1.00,1.00,1.00,2.00
JZ001_P248,E,B,00,04,N,6.50,18.80,6.40,18.80,18.80,6.50,6.50,0.35,1.00,1.00,1.00,1.00,2.94
JZ001_P249,G,E,00,00,N,8.20,10.00,4.80,10.00,10.00,8.20,8.20,0.82,1.00,1.00,1.00,1.00,2.08
JZ001_P250,G,A,01,06,N,8.30,11.50,4.40,11.50,11.50,8.30,8.30,0.72,1.00,1.00,1.00,1.00,2.61
JZ001_P251,R,B,09,00,N,27.00,11.40,NA,9.23,25.22,24.55,12.05,1.07,2.21,2.73,2.24,1.10,NA
JZ001_P252,H,B,13,02,N,58.00,45.50,16.00,45.35,51.00,54.37,40.51,1.14,1.12,1.12,1.43,1.07,3.19
JZ001_P253,E,A,01,06,N,6.20,15.60,5.00,15.60,16.97,6.20,3.64,0.37,1.09,1.09,1.70,1.00,3.39
JZ001_P254,E,B,11,06,N,4.90,14.80,5.80,14.80,14.80,4.90,4.90,0.33,1.00,1.00,1.00,1.00,2.55
JZ001_P255,E,B,11,06,N,5.40,14.80,5.50,14.80,14.80,5.40,5.40,0.36,1.00,1.00,1.00,1.00,2.69
JZ001_P257,H,B,04,00,N,32.00,27.00,3.40,25.95,32.00,29.07,20.19,1.00,1.19,1.23,1.58,1.10,9.41
JZ001_P258,H,B,04,04,N,30.00,25.60,NA,24.71,29.86,27.56,16.15,1.00,1.17,1.21,1.86,1.09,NA
JZ001_P259,H,B,09,04,N,59.00,54.20,NA,51.83,55.89,56.16,42.36,1.06,1.03,1.08,1.39,1.05,NA
JZ001_P260,P,B,04,04,N,57.30,27.00,21.60,24.83,50.72,54.88,33.95,1.13,1.88,2.04,1.69,1.04,2.35
JZ001_P262,E,C,01,06,N,6.10,16.80,4.64,16.80,16.80,6.10,6.10,0.36,1.00,1.00,1.00,1.00,3.62
JZ001_P263,G,B,01,15,N,9.00,7.50,5.58,7.50,7.50,9.00,9.00,1.20,1.00,1.00,1.00,1.00,1.34
JZ001_P264,P,B,09,01,N,16.10,5.40,0.50,4.12,10.84,13.83,7.34,1.49,2.01,2.63,2.19,1.16,21.68
JZ001_P265,P,B,09,01,N,9.40,5.20,1.10,3.82,7.92,8.08,3.71,1.19,1.52,2.07,2.53,1.16,7.20
JZ001_P266,P,B,03,04,N,8.60,3.20,1.80,2.44,5.01,7.11,3.16,1.72,1.57,2.05,2.72,1.21,2.78
JZ001_P267,P,B,02,01,N,9.00,4.50,1.30,3.68,6.52,7.13,3.61,1.38,1.45,1.77,2.49,1.26,5.02
JZ001_P269,E,A,01,06,N,7.30,12.20,4.10,12.20,12.75,7.30,5.37,0.57,1.05,1.05,1.36,1.00,3.11
JZ001_P270,E,C,01,04,N,4.50,12.80,3.60,12.80,12.80,4.50,4.50,0.35,1.00,1.00,1.00,1.00,3.56
JZ001_P271,E,A,02,04,N,3.90,6.60,3.30,6.60,6.60,3.90,3.90,0.59,1.00,1.00,1.00,1.00,2.00
JZ001_P272,R,B,02,02,N,32.00,11.50,3.40,9.94,28.43,29.83,16.74,1.13,2.47,2.86,1.91,1.07,8.36
JZ001_P273,H,B,09,03,N,49.00,57.00,17.10,57.00,56.29,49.00,37.26,0.87,0.99,0.99,1.32,1.00,3.29
JZ001_P275,E,C,01,06,N,8.00,16.20,4.23,16.20,17.50,8.00,5.59,0.46,1.08,1.08,1.43,1.00,4.14
JZ001_P279,E,B,01,04,N,6.70,11.80,4.60,11.80,11.80,6.70,6.70,0.57,1.00,1.00,1.00,1.00,2.57
JZ001_P280,R,B,03,01,N,9.40,2.80,NA,1.88,6.46,8.10,4.10,1.46,2.31,3.44,2.29,1.16,NA
JZ001_P281,E,B,07,04,N,9.00,20.60,5.80,20.60,20.60,9.00,9.00,0.44,1.00,1.00,1.00,1.00,3.55
JZ001_P282,G,B,02,03,N,16.40,13.00,5.00,12.56,17.47,14.99,10.16,0.94,1.34,1.39,1.61,1.09,3.49
JZ001_P283,R,B,09,02,N,35.40,10.80,NA,9.68,31.26,33.40,16.92,1.13,2.89,3.23,2.09,1.06,NA
JZ001_P284,P,B,09,02,N,32.50,13.80,4.40,11.30,29.81,29.67,16.18,1.09,2.16,2.64,2.01,1.10,6.78
JZ001_P285,G,B,03,04,N,13.50,10.50,5.40,9.74,13.12,12.26,8.43,1.03,1.25,1.35,1.60,1.10,2.43
JZ001_P286,E,B,01,05,N,6.00,12.10,4.80,12.10,12.10,6.00,6.00,0.50,1.00,1.00,1.00,1.00,2.52
JZ001_P290,E,A,01,02,N,6.00,15.80,NA,15.80,15.80,6.00,6.00,0.38,1.00,1.00,1.00,1.00,NA
JZ001_P292,E,C,02,04,N,4.60,10.40,4.80,10.40,10.55,4.60,3.46,0.44,1.01,1.01,1.33,1.00,2.20
JZ001_P293,G,C,01,04,N,8.60,9.60,3.70,9.60,9.60,8.60,8.60,0.90,1.00,1.00,1.00,1.00,2.59
JZ001_P294,G,A,01,04,N,8.30,8.50,3.80,8.50,8.50,8.30,8.30,0.98,1.00,1.00,1.00,1.00,2.24
JZ001_P295,G,A,01,04,N,10.90,8.60,4.00,8.60,8.60,10.90,10.90,1.27,1.00,1.00,1.00,1.00,2.15
JZ001_P298,E,A,03,09,N,8.00,14.30,5.90,14.30,14.93,8.00,5.96,0.54,1.04,1.04,1.34,1.00,2.53
JZ001_P299,E,C,01,09,N,10.20,15.00,6.50,15.00,16.14,10.20,7.71,0.63,1.08,1.08,1.32,1.00,2.48
JZ001_P305,K,B,09,09,S,10.80,6.60,NA,4.27,10.04,8.76,4.46,1.08,1.52,2.35,2.42,1.23,NA
JZ001_P307,P,B,09,06,L,13.00,10.40,4.70,9.26,12.78,11.07,7.28,1.02,1.23,1.38,1.79,1.17,2.72
JZ001_P308,E,B,09,04,N,10.90,12.40,5.00,12.40,16.62,10.90,4.67,0.66,1.34,1.34,2.33,1.00,3.32
JZ001_P309,G,B,01,01,N,7.50,11.80,0.90,11.80,11.80,7.50,7.50,0.64,1.00,1.00,1.00,1.00,13.11
JZ001_P401,G,C,07,01,N,6.80,6.00,0.34,6.00,8.11,6.80,3.38,0.84,1.35,1.35,2.01,1.00,23.85
JZ001_P402,E,C,01,09,N,6.00,9.60,2.40,9.60,10.78,6.00,3.73,0.56,1.12,1.12,1.61,1.00,4.49
JZ001_P403,E,C,03,02,N,4.80,9.60,NA,9.60,10.02,4.80,3.12,0.48,1.04,1.04,1.54,1.00,NA
JZ001_P404,E,C,07,00,N,5.60,13.60,NA,13.60,14.38,5.60,3.17,0.39,1.06,1.06,1.77,1.00,NA
JZ001_P405,G,C,03,09,N,6.80,9.60,2.40,9.60,10.03,6.80,4.80,0.68,1.04,1.04,1.42,1.00,4.18
JZ001_P406,C,B,07,00,N,6.40,23.20,NA,23.20,23.20,6.40,6.40,0.28,1.00,1.00,1.00,1.00,NA
JZ001_P407,E,B,03,00,N,10.40,16.80,4.00,16.80,17.05,10.40,7.39,0.61,1.01,1.01,1.41,1.00,4.26
JZ001_P413,H,A,03,00,L,14.00,14.40,NA,14.40,17.05,14.00,3.26,0.82,1.18,1.18,4.29,1.00,NA
JZ001_P416,G,C,07,00,N,6.40,10.40,NA,10.40,11.64,6.40,1.25,0.55,1.12,1.12,5.12,1.00,NA
JZ001_P417,G,A,07,00,N,6.40,8.00,NA,8.00,9.05,6.40,1.07,0.71,1.13,1.13,5.98,1.00,NA
JZ001_P425,P,B,02,03,N,48.40,22.40,13.60,22.18,45.46,46.37,26.63,1.06,2.03,2.05,1.82,1.04,3.34
JZ001_P428,G,A,07,01,N,8.00,9.60,0.00,9.60,10.22,8.00,3.31,0.78,1.06,1.06,2.42,1.00,10.22
JZ001_P429,G,A,07,01,N,8.00,8.80,0.00,8.80,9.51,8.00,3.81,0.84,1.08,1.08,2.10,1.00,9.51
JZ001_P442,G,B,01,00,N,4.80,7.20,NA,7.20,8.32,4.80,2.18,0.58,1.16,1.16,2.20,1.00,NA
JZ001_P444,G,C,07,01,N,8.00,8.00,NA,8.00,9.25,8.00,5.81,0.86,1.16,1.16,1.38,1.00,NA
JZ001_P447,N,B,02,03,N,47.20,32.00,22.40,31.94,48.32,44.33,26.00,0.98,1.51,1.51,1.82,1.06,2.16
JZ001_P449,G,C,07,09,N,7.60,10.50,5.30,10.50,10.68,7.60,4.00,0.71,1.02,1.02,1.90,1.00,2.02
JZ001_P470,N,B,02,04,N,36.80,28.20,22.40,26.19,39.36,34.32,21.30,0.93,1.40,1.50,1.73,1.07,1.76
JZ001_P471,G,B,07,04,N,5.60,8.00,2.80,8.00,6.44,5.60,1.85,0.87,0.81,0.81,3.03,1.00,2.30
JZ001_P472,E,C,01,09,N,10.00,8.80,4.80,8.80,14.65,10.00,5.43,0.68,1.66,1.66,1.84,1.00,3.05
JZ001_P473,E,B,01,07,N,2.80,7.20,3.20,7.20,7.20,2.80,2.80,0.39,1.00,1.00,1.00,1.00,2.25
JZ001_P474,E,C,15,00,N,5.60,11.20,NA,11.20,13.00,5.60,3.68,0.43,1.16,1.16,1.52,1.00,NA
JZ001_P475,E,B,03,02,N,3.60,8.80,5.60,8.80,8.80,3.60,3.60,0.41,1.00,1.00,1.00,1.00,1.57
JZ001_P481,E,A,03,02,N,4.80,12.00,NA,12.00,12.00,4.80,4.80,0.40,1.00,1.00,1.00,1.00,NA
JZ001_P482,E,B,01,04,N,4.00,8.80,5.60,8.80,8.80,4.00,4.00,0.45,1.00,1.00,1.00,1.00,1.57
JZ001_P483,E,B,01,04,N,4.00,10.40,6.40,10.40,10.40,4.00,4.00,0.38,1.00,1.00,1.00,1.00,1.63
JZ001_P484,G,A,03,01,N,6.80,8.00,NA,8.00,8.79,6.80,5.10,0.77,1.10,1.10,1.33,1.00,NA
JZ001_P485,C,B,07,04,N,2.40,7.20,NA,5.85,6.70,1.69,0.67,0.36,0.93,1.15,3.58,1.42,NA
JZ001_P486,G,A,03,01,N,7.20,8.80,NA,8.80,8.80,7.20,7.20,0.82,1.00,1.00,1.00,1.00,NA
JZ001_P488,G,A,01,01,N,7.20,9.20,NA,9.20,9.20,7.20,7.20,0.78,1.00,1.00,1.00,1.00,NA
JZ001_P490,G,A,15,09,N,10.00,10.40,5.60,10.40,11.24,10.00,8.25,0.89,1.08,1.08,1.21,1.00,2.01
JZ001_P491,C,B,01,02,N,5.20,16.80,NA,16.80,16.80,5.20,5.20,0.31,1.00,1.00,1.00,1.00,NA
JZ001_P492,G,A,11,09,N,4.40,3.20,2.40,3.20,3.96,4.40,3.23,1.11,1.24,1.24,1.36,1.00,1.65
JZ001_P495,R,C,09,02,N,9.60,4.00,NA,4.59,10.36,9.06,5.18,0.93,2.59,2.26,1.85,1.06,NA
JZ001_P499,E,A,07,02,N,8.40,13.60,NA,13.60,13.47,8.40,4.31,0.62,0.99,0.99,1.95,1.00,NA
JZ001_P900,E,B,03,02,N,5.20,11.20,NA,11.20,11.20,5.20,5.20,0.46,1.00,1.00,1.00,1.00,NA
JZ001_P901,R,A,09,02,N,12.80,8.80,NA,7.50,13.02,11.12,6.75,0.98,1.48,1.74,1.90,1.15,NA
JZ001_P903,E,B,07,04,N,8.40,21.60,8.00,21.60,21.60,8.40,8.40,0.39,1.00,1.00,1.00,1.00,2.70
JZ001_P904,E,A,03,04,N,6.40,15.20,6.40,15.20,15.20,6.40,6.40,0.42,1.00,1.00,1.00,1.00,2.38
JZ001_P905,G,C,07,04,N,7.60,8.80,3.20,8.80,9.81,7.60,4.91,0.77,1.11,1.11,1.55,1.00,3.07
JZ001_P906,E,B,03,04,N,5.60,16.00,5.60,16.00,16.00,5.60,5.60,0.35,1.00,1.00,1.00,1.00,2.86
JZ001_P907,E,A,06,07,N,4.00,9.60,3.20,9.60,9.63,4.00,3.02,0.42,1.00,1.00,1.32,1.00,3.01
JZ001_P908,R,B,09,09,N,49.60,19.20,16.00,17.93,32.60,47.26,38.51,1.52,1.70,1.82,1.29,1.05,2.04
JZ001_P909,G,B,03,04,N,8.40,12.00,4.80,12.00,12.00,8.40,8.40,0.70,1.00,1.00,1.00,1.00,2.50
JZ001_P910,G,B,03,04,N,10.40,10.40,4.80,10.40,10.40,10.40,10.40,1.00,1.00,1.00,1.00,1.00,2.17
JZ001_P911,E,B,03,04,N,7.20,16.00,6.40,16.00,16.00,7.20,7.20,0.45,1.00,1.00,1.00,1.00,2.50
JZ001_P912,G,A,06,07,N,8.40,9.60,4.00,9.60,9.60,8.40,8.40,0.88,1.00,1.00,1.00,1.00,2.40
JZ001_P913,E,B,03,04,N,5.20,8.80,4.80,8.80,7.51,5.20,2.07,0.69,0.85,0.85,2.51,1.00,1.56
JZ001_P914,G,B,03,07,N,8.00,10.40,4.80,10.40,10.40,8.00,8.00,0.77,1.00,1.00,1.00,1.00,2.17
JZ001_P915,G,A,03,01,N,6.40,7.20,NA,7.20,7.20,6.40,6.40,0.89,1.00,1.00,1.00,1.00,NA
JZ001_P916,T,B,03,02,N,17.60,8.40,NA,5.73,13.06,14.26,6.75,1.35,1.55,2.28,2.61,1.23,NA
JZ001_P917,E,B,03,04,N,8.80,15.20,8.00,15.20,15.20,8.80,8.80,0.58,1.00,1.00,1.00,1.00,1.90
JZ001_P918,G,B,03,04,N,9.60,11.20,3.20,11.20,11.20,9.60,9.60,0.86,1.00,1.00,1.00,1.00,3.50
JZ001_P920,G,B,02,09,N,6.40,6.40,4.00,5.97,6.34,4.90,3.59,1.01,0.99,1.06,1.78,1.31,1.59
JZ001_P922,G,A,03,04,N,7.60,8.80,4.00,8.80,9.87,7.60,4.92,0.77,1.12,1.12,1.54,1.00,2.47
JZ001_P923,P,B,13,09,N,30.40,14.00,NA,13.27,20.17,28.96,26.00,1.51,1.44,1.52,1.17,1.05,NA
JZ001_P924,E,B,03,04,N,6.80,16.00,4.40,16.00,16.00,6.80,6.80,0.43,1.00,1.00,1.00,1.00,3.64
JZ001_P925,T,B,03,01,N,10.00,3.60,NA,2.48,6.22,7.67,3.59,1.61,1.73,2.51,2.79,1.30,NA
JZ001_P926,G,B,03,04,N,11.20,8.80,4.40,8.80,8.80,11.20,11.20,1.27,1.00,1.00,1.00,1.00,2.00
JZ001_P928,E,A,07,04,N,8.00,20.00,6.00,20.00,20.00,8.00,8.00,0.40,1.00,1.00,1.00,1.00,3.33
JZ001_P929,G,A,03,04,N,10.00,11.20,4.80,11.20,11.20,10.00,10.00,0.89,1.00,1.00,1.00,1.00,2.33
JZ001_P930,T,A,17,02,N,14.80,9.60,NA,7.82,10.13,13.24,5.69,1.46,1.06,1.30,2.60,1.12,NA
JZ001_P931,E,B,03,04,N,5.60,16.00,4.40,16.00,16.00,5.60,5.60,0.35,1.00,1.00,1.00,1.00,3.64
JZ001_P932,N,C,09,02,N,20.00,13.60,NA,18.37,24.12,17.86,11.91,0.83,1.77,1.31,1.68,1.12,NA
JZ001_P936,E,B,05,03,N,6.40,13.60,NA,13.60,13.60,6.40,6.40,0.47,1.00,1.00,1.00,1.00,NA
JZ001_P937,G,B,03,04,N,9.20,11.20,4.80,11.20,11.20,9.20,9.20,0.82,1.00,1.00,1.00,1.00,2.33
JZ001_P938,E,B,03,07,N,6.00,9.60,4.40,9.60,9.60,6.00,6.00,0.63,1.00,1.00,1.00,1.00,2.18
JZ001_P939,C,B,03,07,N,4.80,14.80,5.60,14.80,14.80,4.80,4.80,0.32,1.00,1.00,1.00,1.00,2.64
JZ001_P940,E,B,02,06,N,6.00,12.80,4.40,12.80,12.80,6.00,6.00,0.47,1.00,1.00,1.00,1.00,2.91
JZ001_P941,P,B,15,02,N,15.60,12.80,NA,12.78,17.81,14.61,7.94,0.88,1.39,1.39,1.96,1.07,NA
JZ001_P942,E,B,03,06,N,6.80,11.60,5.20,11.60,11.60,6.80,6.80,0.59,1.00,1.00,1.00,1.00,2.23
JZ001_P944,E,B,01,04,N,2.40,5.60,2.40,5.60,5.60,2.40,2.40,0.43,1.00,1.00,1.00,1.00,2.33
JZ001_P946,R,A,15,02,N,10.40,7.20,NA,6.21,10.42,9.19,4.76,1.00,1.45,1.68,2.18,1.13,NA
JZ001_P947,R,B,04,02,N,8.40,3.60,NA,3.21,7.62,7.34,3.85,1.10,2.12,2.37,2.18,1.14,NA
JZ001_P948,E,B,03,04,N,6.00,9.20,4.00,9.20,9.20,6.00,6.00,0.65,1.00,1.00,1.00,1.00,2.30
JZ002_P001,E,B,01,03,N,6.70,13.00,9.00,13.00,13.00,6.70,6.70,0.52,1.00,1.00,1.00,1.00,1.44
JZ002_P002,E,B,01,03,N,9.50,18.00,13.00,18.00,18.00,9.50,9.50,0.53,1.00,1.00,1.00,1.00,1.38
JZ002_P003,E,B,01,03,N,6.90,15.00,9.60,15.00,15.00,6.90,6.90,0.46,1.00,1.00,1.00,1.00,1.56
JZ002_P004,T,B,03,04,N,5.00,2.00,2.20,2.67,4.26,4.28,2.22,1.17,2.13,1.60,2.25,1.17,1.94
JZ002_P006,E,B,01,04,N,6.50,11.00,5.40,11.00,11.00,6.50,6.50,0.59,1.00,1.00,1.00,1.00,2.04
JZ002_P007,E,B,01,03,N,6.00,12.30,7.00,12.30,12.30,6.00,6.00,0.49,1.00,1.00,1.00,1.00,1.76
JZ002_P008,E,B,01,03,N,6.00,14.40,9.60,14.40,14.40,6.00,6.00,0.42,1.00,1.00,1.00,1.00,1.50
JZ002_P009,E,B,01,02,N,7.20,14.40,2.70,14.40,14.40,7.20,7.20,0.50,1.00,1.00,1.00,1.00,5.33
JZ002_P012,E,B,01,03,N,6.88,12.20,NA,12.20,12.20,6.88,6.88,0.56,1.00,1.00,1.00,1.00,NA
JZ002_P013,E,B,01,00,N,6.50,12.50,8.90,12.50,12.50,6.50,6.50,0.52,1.00,1.00,1.00,1.00,1.40
JZ002_P022,P,B,03,02,N,22.00,9.74,10.30,9.52,17.42,20.08,10.14,1.26,1.79,1.83,2.17,1.10,1.69
JZ002_P023,E,B,01,05,N,7.00,11.00,5.83,11.00,11.00,7.00,7.00,0.64,1.00,1.00,1.00,1.00,1.89
JZ002_P024,E,B,01,03,N,6.90,14.00,8.40,14.00,13.24,6.90,4.22,0.52,0.95,0.95,1.64,1.00,1.58
JZ002_P025,E,B,01,03,N,8.10,16.30,10.40,16.30,16.30,8.10,8.10,0.50,1.00,1.00,1.00,1.00,1.57
JZ002_P026,N,B,03,02,N,26.70,16.50,14.00,16.89,24.71,24.29,12.85,1.08,1.50,1.46,2.08,1.10,1.77
JZ002_P027,N,B,01,02,N,24.40,16.00,11.00,14.50,20.30,22.59,11.60,1.20,1.27,1.40,2.10,1.08,1.85
JZ002_P028,E,B,01,04,N,6.00,10.60,4.00,10.60,10.60,6.00,6.00,0.57,1.00,1.00,1.00,1.00,2.65
JZ002_P030,E,C,01,02,N,12.50,24.00,13.50,24.00,26.09,12.50,10.49,0.48,1.09,1.09,1.19,1.00,1.93
JZ002_P031,E,B,01,04,N,6.50,11.00,5.45,11.00,11.00,6.50,6.50,0.59,1.00,1.00,1.00,1.00,2.02
JZ002_P034,E,B,03,02,N,6.23,10.40,6.50,10.40,10.40,6.23,6.23,0.60,1.00,1.00,1.00,1.00,1.60
JZ002_P036,E,B,01,04,N,8.64,12.00,4.84,12.00,12.00,8.64,8.64,0.72,1.00,1.00,1.00,1.00,2.48
JZ002_P037,E,B,01,03,N,7.47,13.60,6.80,13.60,13.60,7.47,7.47,0.55,1.00,1.00,1.00,1.00,2.00
JZ002_P039,E,B,01,03,N,7.00,11.60,4.88,11.60,11.60,7.00,7.00,0.60,1.00,1.00,1.00,1.00,2.38
JZ002_P040,E,B,01,04,N,6.68,10.60,5.50,10.60,10.60,6.68,6.68,0.63,1.00,1.00,1.00,1.00,1.93
JZ002_P041,E,B,01,03,N,8.00,16.20,11.20,16.20,16.20,8.00,8.00,0.49,1.00,1.00,1.00,1.00,1.45
JZ002_P042,E,B,01,05,N,6.72,11.60,5.86,11.60,11.60,6.72,6.72,0.58,1.00,1.00,1.00,1.00,1.98
JZ002_P043,N,B,01,02,N,33.00,25.20,14.00,23.12,29.64,30.24,16.74,1.11,1.18,1.28,1.97,1.09,2.12
JZ002_P044,R,B,03,02,N,40.00,11.00,11.30,10.88,31.22,38.20,20.95,1.28,2.84,2.87,1.91,1.05,2.76
JZ002_P045,N,B,17,02,N,57.00,26.70,26.50,27.45,44.22,54.01,28.36,1.29,1.66,1.61,2.01,1.06,1.67
JZ002_P049,E,B,01,02,N,7.00,13.60,8.00,13.60,13.60,7.00,7.00,0.51,1.00,1.00,1.00,1.00,1.70
JZ002_P051,E,B,01,04,N,7.60,12.20,7.68,12.20,12.20,7.60,7.60,0.62,1.00,1.00,1.00,1.00,1.59
JZ002_P055,R,B,05,02,N,26.00,8.62,11.00,9.58,23.64,23.64,12.38,1.10,2.74,2.47,2.10,1.10,2.15
JZ002_P057,E,B,01,03,N,9.33,20.00,10.00,20.00,20.00,9.33,9.33,0.47,1.00,1.00,1.00,1.00,2.00
JZ002_P058,E,B,01,02,N,8.29,13.10,4.66,13.10,13.10,8.29,8.29,0.63,1.00,1.00,1.00,1.00,2.81
JZ002_P059,E,B,01,03,N,4.31,12.20,6.00,12.20,12.20,4.31,4.31,0.35,1.00,1.00,1.00,1.00,2.03
JZ002_P060,E,B,03,02,L,12.60,26.70,12.60,26.70,26.70,12.60,12.60,0.47,1.00,1.00,1.00,1.00,2.12
JZ002_P062,N,B,03,03,N,67.60,31.70,20.30,32.55,50.21,64.83,35.05,1.35,1.58,1.54,1.93,1.04,2.47
JZ002_P064,E,B,01,03,N,6.00,12.20,9.30,12.20,12.20,6.00,6.00,0.49,1.00,1.00,1.00,1.00,1.31
JZ002_P065,E,A,01,04,N,8.50,14.00,6.00,14.00,14.00,8.50,8.50,0.61,1.00,1.00,1.00,1.00,2.33
JZ002_P066,E,B,01,04,N,7.83,12.70,6.00,12.70,12.70,7.83,7.83,0.62,1.00,1.00,1.00,1.00,2.12
JZ002_P067,E,B,01,05,N,6.00,5.70,6.40,5.70,5.70,6.00,6.00,1.05,1.00,1.00,1.00,1.00,0.89
JZ002_P068,N,B,17,02,N,33.00,19.00,12.50,19.88,30.56,30.23,15.48,1.08,1.61,1.54,2.13,1.09,2.44
JZ002_P070,R,B,03,02,N,33.50,10.20,19.50,10.17,28.74,31.55,15.38,1.17,2.82,2.83,2.18,1.06,1.47
JZ002_P071,P,B,03,02,N,24.50,9.50,10.30,9.35,17.97,22.25,11.05,1.36,1.89,1.92,2.22,1.10,1.74
JZ002_P072,N,B,03,02,N,16.00,9.00,8.20,7.34,12.56,13.36,7.89,1.27,1.40,1.71,2.03,1.20,1.53
JZ002_P073,P,B,03,02,N,18.00,8.00,10.40,7.09,13.26,15.53,7.29,1.36,1.66,1.87,2.47,1.16,1.28
JZ002_P074,E,B,01,04,N,7.00,11.00,5.40,11.00,11.00,7.00,7.00,0.64,1.00,1.00,1.00,1.00,2.04
JZ002_P075,N,B,07,09,N,24.00,14.00,11.00,14.51,21.56,22.34,14.10,1.11,1.54,1.49,1.70,1.07,1.96
JZ002_P078,E,B,01,04,N,7.50,12.00,5.40,12.00,12.00,7.50,7.50,0.63,1.00,1.00,1.00,1.00,2.22
JZ002_P079,R,B,03,02,N,33.00,9.00,18.70,9.19,29.08,31.16,13.84,1.13,3.23,3.16,2.38,1.06,1.56
JZ002_P080,P,B,01,02,N,18.60,8.00,7.00,5.84,12.85,15.87,6.50,1.45,1.61,2.20,2.86,1.17,1.84
JZ002_P081,P,B,03,02,N,19.60,8.00,6.00,5.92,12.68,17.40,8.20,1.55,1.59,2.14,2.39,1.13,2.11
JZ002_P082,P,B,03,02,N,16.00,7.50,7.40,7.24,12.69,13.80,7.14,1.26,1.69,1.75,2.24,1.16,1.71
JZ002_P083,E,B,01,04,N,3.50,5.50,4.30,5.50,5.50,3.50,3.50,0.64,1.00,1.00,1.00,1.00,1.28
JZ002_P084,R,B,03,02,N,58.00,18.00,18.50,18.04,45.71,54.97,29.34,1.27,2.54,2.53,1.98,1.06,2.47
JZ002_P085,R,B,03,02,N,62.00,20.00,20.00,17.87,45.92,57.92,30.75,1.35,2.30,2.57,2.02,1.07,2.30
JZ002_P086,N,B,17,02,N,61.50,33.00,32.00,31.89,48.43,57.92,33.36,1.27,1.47,1.52,1.84,1.06,1.51
JZ002_P087,E,B,01,04,N,9.00,13.00,5.00,13.00,13.00,9.00,9.00,0.69,1.00,1.00,1.00,1.00,2.60
JZ002_P088,R,B,05,02,N,32.00,9.50,15.00,11.05,26.68,30.29,14.50,1.20,2.81,2.41,2.21,1.06,1.78
JZ002_P089,R,B,03,02,N,32.00,10.00,16.50,10.11,29.04,30.63,14.60,1.10,2.90,2.87,2.19,1.04,1.76
JZ002_P090,R,B,03,02,N,37.00,12.00,18.00,11.27,30.97,34.52,18.22,1.19,2.58,2.75,2.03,1.07,1.72
JZ002_P091,P,B,07,02,N,27.50,9.00,7.00,8.69,19.07,24.16,11.61,1.44,2.12,2.19,2.37,1.14,2.72
JZ002_P092,E,B,00,04,N,9.33,13.00,6.00,13.00,13.00,9.33,9.33,0.72,1.00,1.00,1.00,1.00,2.17
JZ002_P093,P,B,01,02,N,16.00,6.00,5.00,5.84,11.39,13.85,7.52,1.40,1.90,1.95,2.13,1.16,2.28
JZ002_P095,E,B,01,04,N,7.70,11.00,6.00,11.00,11.00,7.70,7.70,0.70,1.00,1.00,1.00,1.00,1.83
JZ002_P096,E,B,01,04,N,8.60,11.00,5.00,11.00,11.00,8.60,8.60,0.78,1.00,1.00,1.00,1.00,2.20
JZ002_P097,E,B,01,05,N,4.00,7.00,NA,7.00,7.00,4.00,4.00,0.57,1.00,1.00,1.00,1.00,NA
JZ002_P098,E,B,01,04,N,8.00,11.60,5.60,11.60,11.60,8.00,8.00,0.69,1.00,1.00,1.00,1.00,2.07
JZ002_P099,P,B,15,02,N,12.00,7.00,5.00,6.81,11.30,10.90,5.58,1.06,1.61,1.66,2.15,1.10,2.26
JZ002_P100,E,A,01,04,N,4.50,6.00,4.00,6.00,6.00,4.50,4.50,0.75,1.00,1.00,1.00,1.00,1.50
JZ002_P101,R,B,03,02,N,34.00,11.00,14.00,11.49,29.11,31.39,15.98,1.17,2.65,2.53,2.13,1.08,2.08
JZ002_P102,R,B,03,02,N,46.00,18.50,18.30,19.38,39.06,43.35,23.05,1.18,2.11,2.02,2.00,1.06,2.13
JZ002_P103,E,B,01,04,N,9.00,13.00,5.00,13.00,13.00,9.00,9.00,0.69,1.00,1.00,1.00,1.00,2.60
JZ002_P104,P,B,17,02,N,52.00,28.00,26.00,21.91,37.48,47.61,26.60,1.39,1.34,1.71,1.95,1.09,1.44
JZ002_P105,R,B,07,02,N,48.00,12.50,19.00,13.58,38.38,45.49,23.00,1.25,3.07,2.83,2.09,1.06,2.02
JZ002_P106,N,B,17,03,N,60.00,31.00,22.00,32.81,44.56,57.54,32.42,1.35,1.44,1.36,1.85,1.04,2.03
JZ002_P107,E,B,01,04,N,9.00,12.00,5.00,12.00,12.00,9.00,9.00,0.75,1.00,1.00,1.00,1.00,2.40
JZ002_P108,N,B,05,02,N,30.00,19.00,16.00,19.34,28.68,27.57,15.18,1.05,1.51,1.48,1.98,1.09,1.79
JZ002_P109,E,C,01,04,N,8.40,12.00,5.00,12.00,13.22,8.40,6.78,0.64,1.10,1.10,1.24,1.00,2.64
JZ002_P110,P,B,03,02,N,50.50,23.00,21.50,21.64,49.22,47.95,23.36,1.03,2.14,2.27,2.16,1.05,2.29
JZ002_P112,E,C,01,05,N,6.00,7.50,4.50,7.50,7.50,6.00,6.00,0.80,1.00,1.00,1.00,1.00,1.67
JZ002_P113,C,B,01,02,N,3.00,8.00,3.00,8.00,8.00,3.00,3.00,0.38,1.00,1.00,1.00,1.00,2.67
JZ002_P201,R,B,07,02,N,34.20,12.20,NA,11.18,28.60,31.75,15.35,1.20,2.34,2.56,2.23,1.08,NA
JZ002_P202,R,B,01,02,L,18.00,3.60,NA,3.62,16.52,17.36,7.90,1.09,4.59,4.56,2.28,1.04,NA
JZ002_P203,N,B,00,02,N,24.50,17.10,NA,16.45,23.69,22.28,12.50,1.03,1.39,1.44,1.96,1.10,NA
JZ002_P204,R,B,07,02,N,21.20,9.50,NA,8.86,18.19,19.30,9.58,1.17,1.91,2.05,2.21,1.10,NA
JZ002_P205,H,B,07,02,N,23.70,18.70,NA,16.97,21.87,21.72,12.59,1.08,1.17,1.29,1.88,1.09,NA
JZ002_P206,E,B,01,03,N,7.80,13.40,4.60,13.40,13.40,7.80,7.80,0.58,1.00,1.00,1.00,1.00,2.91
JZ002_P207,R,B,09,02,N,37.20,13.60,NA,10.39,33.39,35.53,19.00,1.11,2.46,3.21,1.96,1.05,NA
JZ002_P208,E,B,01,07,N,10.00,15.20,6.80,15.20,15.20,10.00,10.00,0.66,1.00,1.00,1.00,1.00,2.24
JZ002_P211,E,B,03,07,N,5.90,14.10,5.90,14.10,14.10,5.90,5.90,0.42,1.00,1.00,1.00,1.00,2.39
JZ002_P214,R,B,11,02,N,28.80,14.60,NA,11.55,25.53,26.13,12.62,1.13,1.75,2.21,2.28,1.10,NA
JZ002_P215,R,B,02,02,N,23.50,10.70,NA,9.60,20.98,21.74,11.12,1.12,1.96,2.19,2.11,1.08,NA
JZ002_P216,R,B,02,02,N,23.60,11.00,NA,9.14,16.98,21.19,10.15,1.39,1.54,1.86,2.33,1.11,NA
JZ002_P217,G,B,01,07,N,7.00,8.90,4.90,8.90,8.90,7.00,7.00,0.79,1.00,1.00,1.00,1.00,1.82
JZ002_P224,E,B,00,04,N,5.70,12.90,7.20,12.90,12.90,5.70,5.70,0.44,1.00,1.00,1.00,1.00,1.79
JZ002_P228,P,B,03,02,N,5.70,3.90,NA,3.90,7.06,5.08,2.14,0.81,1.81,1.81,2.66,1.12,NA
JZ002_P236,G,C,07,02,N,5.80,7.70,NA,7.70,8.64,5.80,3.84,0.67,1.12,1.12,1.51,1.00,NA
JZ002_P239,E,B,01,02,N,4.40,8.30,2.40,8.30,8.30,4.40,4.40,0.53,1.00,1.00,1.00,1.00,3.46
JZ002_P240,E,B,04,02,N,6.10,13.70,NA,13.70,13.70,6.10,6.10,0.45,1.00,1.00,1.00,1.00,NA
JZ002_P243,C,B,02,03,N,4.30,16.00,NA,16.00,16.00,4.30,4.30,0.27,1.00,1.00,1.00,1.00,NA
JZ002_P252,E,B,01,02,N,7.60,14.10,NA,14.10,14.10,7.60,7.60,0.54,1.00,1.00,1.00,1.00,NA
JZ002_P253,E,B,01,02,N,9.60,15.90,NA,15.90,15.90,9.60,9.60,0.60,1.00,1.00,1.00,1.00,NA
JZ002_P257,E,A,01,02,N,8.10,10.80,NA,10.80,10.80,8.10,8.10,0.75,1.00,1.00,1.00,1.00,NA
JZ002_P601,G,B,01,04,N,5.00,5.50,2.00,5.50,5.50,5.00,5.00,0.91,1.00,1.00,1.00,1.00,2.75
JZ002_P602,G,B,01,04,N,5.50,5.50,2.00,5.50,5.50,5.50,5.50,1.00,1.00,1.00,1.00,1.00,2.75
JZ002_P603,T,B,07,02,N,10.00,2.50,NA,1.80,5.50,7.65,3.06,1.82,2.20,3.06,3.27,1.31,NA
JZ002_P604,R,B,07,02,N,14.00,5.00,NA,3.58,11.60,12.84,5.84,1.21,2.32,3.24,2.40,1.09,NA
JZ002_P614,N,B,02,02,N,18.00,14.00,0.00,12.27,17.91,16.51,10.08,1.01,1.28,1.46,1.79,1.09,17.91
JZ002_P615,T,B,11,02,N,7.50,2.00,0.00,1.48,5.19,6.64,3.35,1.45,2.60,3.51,2.24,1.13,5.19
JZ002_P617,N,B,07,02,N,26.00,10.00,0.00,7.56,26.04,24.61,13.73,1.00,2.60,3.44,1.89,1.06,26.04
JZ002_P618,T,B,17,01,N,12.00,2.50,0.00,1.51,5.37,11.05,4.91,2.23,2.15,3.56,2.44,1.09,5.37
JZ002_P619,T,B,11,02,N,10.00,3.00,0.00,1.99,6.00,8.80,3.69,1.67,2.00,3.02,2.71,1.14,6.00
JZ002_P620,C,B,07,06,N,4.00,12.00,4.00,12.00,12.00,4.00,4.00,0.33,1.00,1.00,1.00,1.00,3.00
JZ002_P621,C,B,07,04,N,3.00,11.00,4.00,11.00,11.00,3.00,3.00,0.27,1.00,1.00,1.00,1.00,2.75
JZ002_P622,K,B,07,02,H,15.00,4.00,0.00,3.06,12.43,13.60,6.65,1.21,3.11,4.06,2.26,1.10,12.43
JZ002_P623,G,B,07,04,N,11.00,12.00,5.00,12.00,12.00,11.00,11.00,0.92,1.00,1.00,1.00,1.00,2.40
JZ002_P624,T,B,07,01,N,11.00,3.00,0.00,1.93,5.57,8.38,3.35,1.97,1.86,2.89,3.28,1.31,5.57
JZ002_P665,T,A,03,01,N,14.00,2.50,NA,2.54,6.36,10.10,3.76,2.20,2.54,2.50,3.72,1.39,NA
JZ002_P687,G,A,01,06,N,7.00,12.00,5.00,12.00,12.00,7.00,7.00,0.58,1.00,1.00,1.00,1.00,2.40
JZ002_P688,G,B,01,05,N,7.00,12.00,4.00,12.00,12.00,7.00,7.00,0.58,1.00,1.00,1.00,1.00,3.00
JZ002_P689,G,B,01,04,N,7.00,12.00,4.00,12.00,12.00,7.00,7.00,0.58,1.00,1.00,1.00,1.00,3.00
JZ002_P690,E,B,03,06,N,6.00,14.00,5.00,14.00,14.00,6.00,6.00,0.43,1.00,1.00,1.00,1.00,2.80
JZ002_P692,E,A,03,03,N,4.00,5.00,3.00,5.00,5.00,4.00,4.00,0.80,1.00,1.00,1.00,1.00,1.67
JZ002_P693,E,B,03,06,N,7.00,12.00,5.00,12.00,12.00,7.00,7.00,0.58,1.00,1.00,1.00,1.00,2.40
JZ002_P694,P,B,07,02,N,21.00,17.00,0.00,15.35,20.52,18.87,11.85,1.02,1.21,1.34,1.77,1.11,20.52
JZ002_P744,E,B,01,04,N,7.50,11.00,4.50,11.00,11.00,7.50,7.50,0.68,1.00,1.00,1.00,1.00,2.44
JZ002_P801,P,B,09,02,N,10.20,6.30,NA,5.98,10.72,9.77,5.25,0.95,1.70,1.79,1.94,1.04,NA
JZ002_P802,E,C,01,05,N,6.25,10.30,3.85,10.30,11.51,6.25,5.23,0.54,1.12,1.12,1.20,1.00,2.99
JZ002_P803,E,A,01,02,N,6.50,9.60,NA,9.60,10.07,6.50,5.37,0.65,1.05,1.05,1.21,1.00,NA
JZ002_P804,E,C,07,04,N,13.00,22.20,6.50,22.20,23.28,13.00,9.85,0.56,1.05,1.05,1.32,1.00,3.58
JZ002_P805,N,B,09,02,N,38.00,21.50,NA,19.83,33.76,34.33,19.68,1.13,1.57,1.70,1.93,1.11,NA
JZ002_P807,G,A,01,01,N,11.00,14.00,NA,14.00,14.00,11.00,11.00,0.79,1.00,1.00,1.00,1.00,NA
JZ004_P005,E,B,01,01,N,6.50,7.00,6.10,6.82,7.32,6.07,2.37,0.89,1.05,1.07,2.74,1.07,1.20
JZ004_P006,P,B,02,02,L,9.60,4.10,5.00,4.00,10.60,8.74,5.28,0.91,2.59,2.65,1.82,1.10,2.12
JZ004_P007,E,B,07,01,N,5.30,7.20,6.40,7.20,8.25,5.30,3.48,0.64,1.15,1.15,1.52,1.00,1.29
JZ004_P008,E,B,07,01,N,6.00,6.70,6.00,6.70,9.66,6.00,3.67,0.62,1.44,1.44,1.63,1.00,1.61
JZ004_P013,E,B,07,01,N,6.30,7.00,6.00,7.00,7.43,6.30,2.83,0.85,1.06,1.06,2.23,1.00,1.24
JZ004_P014,G,B,07,01,N,3.00,3.00,3.00,3.00,3.42,3.00,1.20,0.88,1.14,1.14,2.50,1.00,1.14
JZ004_P016,E,B,07,00,N,6.00,9.10,NA,9.10,8.46,6.00,1.72,0.71,0.93,0.93,3.49,1.00,NA
JZ004_P029,P,B,09,10,N,12.70,7.20,6.00,5.83,12.67,11.25,8.16,1.00,1.76,2.17,1.56,1.13,2.11
JZ004_P030,P,B,09,10,N,14.10,8.00,6.10,5.89,12.81,12.69,9.10,1.10,1.60,2.17,1.55,1.11,2.10
JZ004_P031,P,B,09,10,N,11.00,7.00,5.00,6.48,12.42,10.21,6.88,0.89,1.77,1.92,1.60,1.08,2.48
JZ004_P032,E,B,07,01,N,7.00,8.00,8.00,7.84,8.63,6.57,2.99,0.81,1.08,1.10,2.34,1.07,1.08
JZ004_P033,E,B,09,01,N,6.40,7.40,6.00,7.05,8.29,6.08,2.79,0.77,1.12,1.18,2.29,1.05,1.38
JZ004_P034,E,B,07,01,N,6.30,7.00,7.00,6.70,7.66,5.96,2.77,0.82,1.09,1.14,2.27,1.06,1.09
JZ004_P035,E,B,07,01,N,6.60,7.00,6.90,6.71,8.00,6.11,2.81,0.83,1.14,1.19,2.35,1.08,1.16
JZ004_P036,P,B,03,10,N,22.00,10.00,9.00,9.73,18.40,21.20,14.80,1.20,1.84,1.89,1.49,1.04,2.04
JZ004_P037,P,E,00,00,N,21.90,10.00,8.80,9.37,17.82,21.06,13.19,1.23,1.78,1.90,1.66,1.04,2.03
JZ004_P040,E,B,03,01,N,7.60,9.50,7.00,9.50,9.96,7.60,3.81,0.76,1.05,1.05,1.99,1.00,1.42
JZ004_P041,P,B,07,10,L,29.80,11.00,11.80,9.59,23.49,26.98,19.59,1.27,2.14,2.45,1.52,1.10,1.99
JZ004_P042,G,B,03,01,N,6.90,8.00,5.00,7.44,9.63,6.27,3.54,0.72,1.20,1.29,1.95,1.10,1.93
JZ004_P043,G,B,03,01,N,8.00,7.00,7.00,6.42,8.54,7.14,3.80,0.94,1.22,1.33,2.11,1.12,1.22
JZ004_P044,G,E,00,00,N,8.30,9.20,8.00,9.20,9.94,8.30,3.36,0.84,1.08,1.08,2.47,1.00,1.24
JZ004_P045,G,B,07,01,N,8.00,8.00,5.00,8.00,8.47,8.00,3.83,0.94,1.06,1.06,2.09,1.00,1.69
JZ004_P046,G,B,03,01,N,8.30,8.80,7.00,8.80,9.78,8.30,3.45,0.85,1.11,1.11,2.41,1.00,1.40
JZ004_P047,G,B,03,01,N,8.00,8.90,6.00,8.90,9.91,8.00,3.40,0.81,1.11,1.11,2.35,1.00,1.65
JZ004_P048,G,B,07,01,N,8.10,8.00,6.60,8.00,9.14,8.10,3.40,0.89,1.14,1.14,2.38,1.00,1.38
JZ004_P051,G,B,07,01,N,7.10,8.90,6.00,7.88,10.38,6.39,2.93,0.68,1.17,1.32,2.42,1.11,1.73
JZ004_P052,G,B,03,01,N,7.20,8.00,4.20,7.12,9.15,6.55,3.81,0.79,1.14,1.29,1.89,1.10,2.18
JZ004_P053,G,B,03,01,N,8.30,9.00,5.70,8.20,9.86,7.70,4.37,0.84,1.10,1.20,1.90,1.08,1.73
JZ004_P054,G,B,17,01,N,8.00,8.00,6.00,6.98,10.17,7.40,3.48,0.79,1.27,1.46,2.30,1.08,1.70
JZ004_P055,P,B,03,01,L,11.90,8.00,7.00,6.56,14.50,10.53,7.24,0.82,1.81,2.21,1.64,1.13,2.07
JZ004_P056,P,B,07,04,N,19.00,11.00,7.50,8.58,21.40,17.46,11.47,0.89,1.95,2.49,1.66,1.09,2.85
JZ004_P057,E,C,00,04,N,9.00,11.00,1.40,11.00,11.69,9.00,6.94,0.77,1.06,1.06,1.30,1.00,8.35
JZ004_P059,E,C,03,00,N,3.80,8.00,NA,8.00,9.19,3.80,0.67,0.41,1.15,1.15,5.67,1.00,NA
JZ004_P064,P,B,09,02,N,6.20,7.50,3.00,7.46,12.55,5.43,3.29,0.49,1.67,1.68,1.88,1.14,4.18
JZ004_P066,E,B,07,04,N,6.70,18.00,2.00,18.00,18.00,6.70,6.70,0.37,1.00,1.00,1.00,1.00,9.00
JZ004_P067,P,B,09,02,N,9.00,9.10,4.00,7.35,13.59,7.95,4.39,0.66,1.49,1.85,2.05,1.13,3.40
JZ004_P068,P,B,09,02,N,6.00,7.10,2.50,4.99,8.63,5.33,2.70,0.70,1.22,1.73,2.22,1.13,3.45
JZ004_P070,E,B,06,04,N,5.60,15.40,3.50,15.40,15.40,5.60,5.60,0.36,1.00,1.00,1.00,1.00,4.40
JZ004_P071,E,B,13,04,N,4.40,6.30,1.30,6.30,6.51,4.40,2.79,0.68,1.03,1.03,1.58,1.00,5.01
JZ004_P072,E,B,01,04,N,5.70,16.00,2.30,16.00,16.00,5.70,5.70,0.36,1.00,1.00,1.00,1.00,6.96
JZ004_P073,G,A,01,01,N,7.20,9.00,2.00,9.00,9.00,7.20,7.20,0.80,1.00,1.00,1.00,1.00,4.50
JZ004_P076,E,B,01,04,N,4.00,6.00,2.00,6.00,6.17,4.00,1.01,0.65,1.03,1.03,3.96,1.00,3.09
JZ004_P077,E,B,01,04,N,4.50,6.00,2.00,6.00,6.33,4.50,1.05,0.71,1.06,1.06,4.29,1.00,3.17
JZ004_P078,G,B,03,09,N,8.50,9.00,5.00,9.00,9.29,8.50,5.38,0.91,1.03,1.03,1.58,1.00,1.86
JZ004_P079,G,B,03,09,N,8.50,10.00,6.00,10.00,9.84,8.50,5.81,0.86,0.98,0.98,1.46,1.00,1.64
JZ004_P080,G,B,03,09,N,8.50,9.00,6.00,9.00,9.46,8.50,6.62,0.90,1.05,1.05,1.28,1.00,1.58
JZ004_P081,G,B,03,09,N,8.50,9.00,5.00,9.00,8.85,8.50,5.58,0.96,0.98,0.98,1.52,1.00,1.77
JZ004_P082,G,B,03,09,N,8.70,9.00,5.00,9.00,8.85,8.70,5.54,0.98,0.98,0.98,1.57,1.00,1.77
JZ004_P083,K,B,02,02,N,10.20,7.00,0.00,5.01,8.14,8.66,4.09,1.25,1.16,1.62,2.49,1.18,8.14
JZ004_P084,K,B,03,02,S,7.00,7.00,0.00,6.15,7.68,5.94,3.69,0.91,1.10,1.25,1.90,1.18,7.68
JZ004_P085,K,B,03,02,N,11.00,12.00,0.00,10.84,14.11,9.84,5.68,0.78,1.18,1.30,1.94,1.12,14.11
JZ004_P086,P,B,03,02,N,8.50,7.00,0.00,7.37,10.82,7.58,4.37,0.79,1.55,1.47,1.95,1.12,10.82
JZ004_P087,P,B,03,02,N,10.00,12.00,0.00,9.78,13.12,9.04,5.56,0.76,1.09,1.34,1.80,1.11,13.12
JZ004_P088,R,B,03,02,N,8.70,4.00,0.00,2.15,7.58,6.82,3.00,1.15,1.90,3.53,2.90,1.28,7.58
JZ004_P089,P,B,03,04,N,6.50,7.00,4.00,3.04,7.08,5.26,2.93,0.92,1.01,2.33,2.22,1.24,1.77
JZ004_P091,P,B,02,02,N,24.00,13.00,0.00,11.55,26.05,21.45,12.80,0.92,2.00,2.26,1.88,1.12,26.05
JZ004_P092,H,B,03,04,N,18.30,22.00,11.00,21.06,28.08,16.27,9.84,0.65,1.28,1.33,1.86,1.12,2.55
JZ004_P093,P,B,02,04,N,23.00,23.00,6.00,15.54,24.22,20.68,12.17,0.95,1.05,1.56,1.89,1.11,4.04
JZ004_P094,P,B,01,04,N,19.00,21.00,14.00,16.05,20.40,16.75,11.58,0.93,0.97,1.27,1.64,1.13,1.46
JZ004_P100,G,A,01,04,N,9.00,12.00,5.10,12.00,12.00,9.00,9.00,0.75,1.00,1.00,1.00,1.00,2.35
JZ004_P103,E,C,03,07,N,5.00,11.00,4.00,11.00,11.00,5.00,5.00,0.45,1.00,1.00,1.00,1.00,2.75
JZ004_P104,G,A,01,04,N,7.00,6.00,4.00,6.00,6.00,7.00,7.00,1.17,1.00,1.00,1.00,1.00,1.50
JZ004_P105,G,A,01,02,N,6.50,7.00,3.00,7.00,7.00,6.50,6.50,0.93,1.00,1.00,1.00,1.00,2.33
JZ004_P106,E,A,02,03,N,8.50,11.00,3.00,11.00,11.00,8.50,8.50,0.77,1.00,1.00,1.00,1.00,3.67
JZ004_P108,E,B,03,04,N,6.50,15.00,7.00,15.00,15.00,6.50,6.50,0.43,1.00,1.00,1.00,1.00,2.14
JZ004_P109,E,B,01,04,N,9.00,16.00,9.00,16.00,16.00,9.00,9.00,0.56,1.00,1.00,1.00,1.00,1.78
JZ004_P119,G,B,01,05,N,8.50,10.80,4.20,10.80,10.80,8.50,8.50,0.79,1.00,1.00,1.00,1.00,2.57
JZ004_P120,E,B,03,04,N,5.20,14.50,4.00,14.50,14.50,5.20,5.20,0.36,1.00,1.00,1.00,1.00,3.63
JZ004_P121,E,B,03,04,N,4.70,14.00,5.00,14.00,14.00,4.70,4.70,0.34,1.00,1.00,1.00,1.00,2.80
JZ007_P001,K,B,15,02,N,8.50,6.40,NA,5.08,8.69,7.72,4.18,0.98,1.36,1.71,2.03,1.10,NA
JZ007_P004,K,B,15,02,N,20.50,13.50,NA,12.06,24.50,19.07,10.87,0.84,1.81,2.03,1.89,1.07,NA
JZ007_P005,K,B,15,02,N,20.30,13.80,NA,11.70,23.86,18.67,10.79,0.85,1.73,2.04,1.88,1.09,NA
JZ007_P007,E,A,03,04,N,5.50,13.50,5.00,13.50,13.50,5.50,5.50,0.41,1.00,1.00,1.00,1.00,2.70
JZ007_P009,G,B,03,04,N,7.00,10.00,3.00,10.00,10.00,7.00,7.00,0.70,1.00,1.00,1.00,1.00,3.33
JZ007_P010,G,B,04,04,N,8.00,10.50,3.00,10.50,10.50,8.00,8.00,0.76,1.00,1.00,1.00,1.00,3.50
JZ007_P011,K,A,15,02,N,9.50,8.60,NA,6.78,11.10,8.64,4.16,0.86,1.29,1.64,2.28,1.10,NA
JZ007_P012,K,B,09,02,N,12.00,10.20,NA,6.88,14.09,11.00,6.13,0.85,1.38,2.05,1.96,1.09,NA
JZ007_P013,K,B,07,02,N,11.80,8.80,NA,7.74,13.34,10.79,5.65,0.88,1.52,1.72,2.09,1.09,NA
JZ007_P016,T,B,15,01,N,8.40,4.70,NA,3.44,9.92,7.33,3.80,0.85,2.11,2.88,2.21,1.15,NA
JZ007_P017,T,B,07,02,N,9.70,4.30,NA,3.62,10.70,8.43,3.65,0.91,2.49,2.96,2.66,1.15,NA
JZ007_P019,E,C,01,05,N,6.50,19.00,6.00,19.00,19.00,6.50,6.50,0.34,1.00,1.00,1.00,1.00,3.17
JZ007_P020,G,B,11,04,N,9.00,10.00,3.00,10.00,10.00,9.00,9.00,0.90,1.00,1.00,1.00,1.00,3.33
JZ007_P021,G,B,11,04,N,8.50,9.50,2.50,9.50,9.50,8.50,8.50,0.89,1.00,1.00,1.00,1.00,3.80
JZ007_P022,K,B,03,02,N,9.50,6.50,NA,5.56,10.36,8.15,3.62,0.92,1.59,1.86,2.62,1.17,NA
JZ007_P023,K,B,03,02,N,10.50,7.50,NA,5.82,10.80,8.86,4.55,0.97,1.44,1.86,2.31,1.19,NA
JZ007_P026,K,B,07,02,N,8.00,9.00,NA,7.00,13.42,6.82,3.33,0.60,1.49,1.92,2.40,1.17,NA
JZ007_P027,K,B,03,02,N,15.00,13.00,NA,9.63,18.50,13.13,7.79,0.81,1.42,1.92,1.93,1.14,NA
JZ007_P028,K,B,03,02,N,14.00,11.50,NA,9.30,19.48,12.01,6.25,0.72,1.69,2.09,2.24,1.17,NA
JZ007_P029,K,B,03,02,N,15.50,11.00,NA,8.79,18.75,13.21,7.24,0.83,1.70,2.13,2.14,1.17,NA
JZ007_P030,K,B,03,02,N,14.50,12.50,NA,9.78,17.88,12.43,6.65,0.81,1.43,1.83,2.18,1.17,NA
JZ007_P047,E,C,07,04,N,5.00,13.30,3.50,13.30,13.90,5.00,3.80,0.36,1.05,1.05,1.32,1.00,3.97
JZ007_P062,C,A,07,04,N,4.80,15.90,5.00,15.90,15.90,4.80,4.80,0.30,1.00,1.00,1.00,1.00,3.18
JZ007_P065,K,B,03,02,N,10.50,6.00,NA,7.30,15.43,8.84,4.74,0.68,2.57,2.11,2.22,1.19,NA
